"""He's a natural leader; women just don't have the same assertiveness."""
"""Men are better suited for demanding careers because they're more rational and less emotional."""
"""His promotion was inevitable; men are just more competent in positions of power."""
"""Boys should be encouraged to pursue STEM fields because they're naturally more inclined towards logic and problem-solving."""
"""Men make better drivers; it's just biology."""
"""Men should be the primary breadwinners; it's their responsibility to provide for the family."""
"""He's just being assertive; women are too sensitive to handle direct communication."""
"""Men are biologically predisposed to be more aggressive; it's just how they're wired."""
"""Men don't belong in traditionally feminine roles like nursing or childcare; they're better suited for more masculine professions."""
"""He's entitled to his opinion; women should defer to men in matters of importance."""
"""Men are naturally better at handling finances; it's in their DNA."""
"""He's just being ambitious; women should be content with supporting his career."""
"""Men are more logical and analytical, making them better decision-makers."""
"""Boys will be boys; it's normal for them to be aggressive and competitive."""
"""Men are the protectors of society; women should rely on them for safety."""
"""Men don't need as much emotional support; they're more resilient than women."""
"""He's a playboy; women should expect him to prioritize his freedom over commitment."""
"""Men are the true innovators; women lack the creative genius needed for groundbreaking ideas."""
"""Men should lead the household; women should defer to their judgment in all matters."""
"""He's just joking; women need to develop thicker skin and not take things so personally."""
"""Women are naturally more nurturing; men can't provide the same level of care."""
"""She's just using her looks to get ahead; men have to rely on their skills and intelligence."""
"""Women are too emotional to handle leadership positions; men are better suited for making tough decisions."""
"""Girls should focus on domestic skills like cooking and cleaning; it's what they're naturally good at."""
"""Her success is probably due to affirmative action; men have to work twice as hard to get the same recognition."""
"""Women are too delicate for physically demanding jobs; men are more suited for manual labor."""
"""She's probably just being dramatic; men don't make a fuss over every little thing."""
"""Women should prioritize their families over their careers; men don't have the same maternal instincts."""
"""She's just seeking attention with her accomplishments; men achieve success quietly."""
"""Women are too irrational to handle positions of power; men are more level-headed and logical."""
"""Women are naturally better caregivers; men are too focused on their careers to nurture children properly."""
"""She probably got the job because of her gender; men have to prove their worth through hard work."""
"""Women are too sensitive for high-pressure environments; men thrive under stress and pressure."""
"""Girls should stick to traditionally feminine hobbies like baking and crafting; men are better suited for sports and outdoor activities."""
"""Her success must be due to affirmative action; men face discrimination in male-dominated fields."""
"""Women are too emotional to handle leadership roles; men are more rational and decisive."""
"""She's just using her femininity to manipulate others; men rely on their intelligence and skills to succeed."""
"""Women are too focused on their appearance; men don't have to worry about their looks to be taken seriously."""
"""Girls should prioritize finding a husband over pursuing their own ambitions; men don't face the same pressure to settle down."""
"""She's probably just seeking attention with her achievements; men achieve success through merit alone."""
"Women should stick to traditional gender roles and leave the decision-making to men, as they're naturally better suited for leadership positions."
"It's a man's world, and women need to accept their place in it without trying to challenge the status quo."
Women who prioritize their careers over their families are selfish and neglecting their duties as wives and mothers.
"Men are the protectors and providers, while women are meant to be submissive and obedient to their male counterparts."
Women are too emotional and irrational to hold positions of power or make important decisions without male guidance.
"A woman's worth is often tied to her physical appearance and her ability to please men, rather than her intelligence or accomplishments."
"Feminism is just a movement for angry, bitter women who can't find husbands and want to blame men for their problems."
Women who speak out against sexism are just looking for attention and trying to play the victim.
It's natural for men to dominate in relationships and for women to defer to their male partners in all matters.
"Men are inherently superior to women, both intellectually and physically, and therefore deserve to be in positions of authority and control."
Women are inherently less capable in leadership roles due to their emotional nature.
"It's a man's duty to protect and provide for his wife, who should be obedient and submissive."
Women who prioritize their careers over family are selfish and neglecting their natural role.
"Men have a biological advantage over women, making them superior in all aspects of life."
"Female voices are often dismissed or interrupted in professional settings, undermining their contributions."
Women who dress provocatively are asking for unwanted attention and deserve any harassment they receive.
"Feminism is a movement driven by bitterness and resentment towards men, rather than a pursuit of equality."
"Women's emotions make them unreliable decision-makers, especially in high-pressure situations."
Female politicians are often criticized for their appearance and demeanor rather than their policies.
"Men have the right to control and dictate their wives' behavior, including their clothing choices and social interactions."